text,label
"Apple Inc. reported a significant increase in its quarterly earnings, surpassing Wall Street expectations. The company's stock surged as investors reacted positively to the news.",positive
"Tesla Inc. is facing production delays for its new electric vehicle model, causing its shares to tumble as investors worry about the company's ability to meet demand.",negative
"Amazon.com Inc. announced a new product line that has boosted its sales significantly, leading to a rise in the company's stock price.",positive
"Alphabet Inc., the parent company of Google, has been hit with an antitrust lawsuit, causing its shares to fall as investors react to the potential legal challenges ahead.",negative
"Microsoft Corp. has acquired an AI startup, a move that analysts believe will strengthen its position in the technology sector. The company's stock remains stable following the announcement.",neutral
"Facebook Inc. reported user growth that exceeded analysts' forecasts, leading to a significant jump in the company's stock price.",positive
"Netflix Inc. is experiencing a slowdown in subscriber growth, causing its shares to drop as investors worry about the company's future prospects.",negative
"Intel Corp. announced major layoffs as part of a restructuring plan, leading to a decline in the company's stock price.",negative
"IBM Corp. reported revenue that beat analysts' estimates, resulting in a climb in the company's stock price.",positive
"Twitter Inc. is facing backlash over a new policy, causing its shares to decline as users and investors react negatively to the changes.",negative
"Apple Inc. unveiled its latest iPhone model, which has been well-received by consumers and analysts alike. The company's stock soared following the announcement.",positive
"Tesla Inc.'s new electric vehicle model has received rave reviews from critics, leading to an increase in the company's stock price.",positive
"Amazon.com Inc. is dealing with a worker strike at one of its major warehouses, causing its stock to fall as investors worry about potential disruptions to the company's operations.",negative
"Alphabet Inc.'s advancements in AI technology have impressed investors, leading to a rise in the company's stock price.",positive
"Microsoft Corp.'s cloud services have seen strong demand, resulting in an increase in the company's stock price.",positive
"Facebook Inc. is facing data privacy issues, causing its stock to drop as investors react to the potential regulatory challenges ahead.",negative
"Netflix Inc.'s latest original series has become a hit, leading to an increase in the company's subscriber numbers and stock price.",positive
"Intel Corp.'s new chip has received mixed reviews from analysts, resulting in a stable stock price as investors await further developments.",neutral
"IBM Corp. has partnered with Red Hat, a move that analysts believe will boost the company's stock price.",positive
"Twitter Inc.'s new feature has been well-received by users, leading to an increase in the company's stock price.",positive
"Apple Inc. is experiencing supply chain issues that have impacted its stock price, causing shares to fall.",negative
"Tesla Inc.'s self-driving technology is under scrutiny from regulators, leading to a drop in the company's stock price.",negative
"Amazon.com Inc.'s Prime Day sales have hit a record high, resulting in a rise in the company's stock price.",positive
"Alphabet Inc.'s ad revenue has declined, causing its shares to fall as investors react to the company's financial performance.",negative
"Microsoft Corp.'s gaming division has reported strong sales, leading to an increase in the company's stock price.",positive
"Facebook Inc.'s algorithm changes have caused user dissatisfaction, resulting in a drop in the company's stock price.",negative
"Netflix Inc.'s new pricing strategy has received mixed reactions from consumers, leading to a stable stock price as investors await further developments.",neutral
"Intel Corp.'s earnings report has met analysts' expectations, resulting in a stable stock price.",neutral
"IBM Corp.'s AI initiative has been praised by industry experts, leading to a rise in the company's stock price.",positive
"Twitter Inc.'s ad revenue has increased, resulting in a rise in the company's stock price.",positive
"Apple Inc.'s new subscription service has boosted the company's stock price, leading to a rise in shares.",positive
"Tesla Inc.'s battery technology breakthrough has excited investors, resulting in a rise in the company's stock price.",positive
"Amazon.com Inc.'s warehouse automation project is facing delays, causing its stock to fall as investors worry about potential disruptions to the company's operations.",negative
"Alphabet Inc.'s cloud services are facing increased competition, leading to a drop in the company's stock price.",negative
"Microsoft Corp.'s new Surface device has received positive reviews from critics, resulting in a rise in the company's stock price.",positive
"Facebook Inc.'s new VR headset has impressed users, leading to an increase in the company's stock price.",positive
"Netflix Inc.'s content expansion has attracted new subscribers, resulting in a rise in the company's stock price.",positive
"Intel Corp.'s new CEO appointment has been well-received by investors, leading to a rise in the company's stock price.",positive
"IBM Corp.'s revenue growth has slowed, causing its stock to fall as investors react to the company's financial performance.",negative
"Twitter Inc.'s user growth has stagnated, leading to a drop in the company's stock price.",negative
"Apple Inc.'s new health features have been praised by analysts, resulting in a rise in the company's stock price.",positive
"Tesla Inc.'s solar roof tiles are facing production issues, causing the company's stock to fall.",negative
"Amazon.com Inc.'s grocery delivery service has seen strong demand, leading to a rise in the company's stock price.",positive
"Alphabet Inc.'s new privacy policy has faced backlash from users, resulting in a drop in the company's stock price.",negative
"Microsoft Corp.'s cybersecurity division has seen increased demand, leading to a rise in the company's stock price.",positive
"Facebook Inc.'s new ad targeting feature has received mixed reviews from analysts, resulting in a stable stock price.",neutral
"Netflix Inc.'s new documentary has received critical acclaim, leading to a rise in the company's stock price.",positive
"Intel Corp.'s new manufacturing plant is facing delays, causing the company's stock to fall.",negative
"IBM Corp.'s blockchain initiative has received support from industry experts, leading to a rise in the company's stock price.",positive
"Twitter Inc.'s new subscription service has seen slow adoption, resulting in a drop in the company's stock price.",negative
"Apple Inc.'s new MacBook Pro has received rave reviews from critics, leading to a rise in the company's stock price.",positive
"Tesla Inc.'s autopilot feature is under investigation by regulators, causing the company's stock to fall.",negative
"Amazon.com Inc.'s new Echo device has received positive feedback from consumers, resulting in a rise in the company's stock price.",positive
"Alphabet Inc.'s new search algorithm has faced criticism from users, leading to a drop in the company's stock price.",negative
"Microsoft Corp.'s new Xbox console has received positive reviews from critics, resulting in a rise in the company's stock price.",positive
"Facebook Inc.'s new data center is facing construction delays, causing the company's stock to fall.",negative
"Netflix Inc.'s new original series has received positive reviews from critics, leading to a rise in the company's stock price.",positive
"Intel Corp.'s new processor has received mixed reviews from analysts, resulting in a stable stock price.",neutral
"IBM Corp.'s quantum computing initiative has been praised by industry experts, leading to a rise in the company's stock price.",positive
"Twitter Inc.'s new ad campaign has been well-received by users, resulting in a rise in the company's stock price.",positive
"Apple Inc.'s new iPad has received positive reviews from critics, leading to a rise in the company's stock price.",positive
"Tesla Inc.'s new factory is facing construction delays, causing the company's stock to fall.",negative
"Amazon.com Inc.'s new Kindle device has received positive feedback from consumers, resulting in a rise in the company's stock price.",positive
"Alphabet Inc.'s new ad policy has faced backlash from users, leading to a drop in the company's stock price.",negative
"Microsoft Corp.'s new Teams feature has received positive feedback from users, resulting in a rise in the company's stock price.",positive
"Facebook Inc.'s new privacy policy has faced criticism from users, causing the company's stock to fall.",negative
"Netflix Inc.'s new comedy special has received positive reviews from critics, leading to a rise in the company's stock price.",positive
"Intel Corp.'s new graphics card has received mixed reviews from analysts, resulting in a stable stock price.",neutral
"IBM Corp.'s AI-powered chatbot has been praised by industry experts, leading to a rise in the company's stock price.",positive
"Twitter Inc.'s new user interface has been well-received by users, resulting in a rise in the company's stock price.",positive
"Apple Inc.'s new AirPods have received positive reviews from critics, leading to a rise in the company's stock price.",positive
"Tesla Inc.'s new battery technology is facing production issues, causing the company's stock to fall.",negative
"Amazon.com Inc.'s new Prime Video feature has received positive feedback from consumers, resulting in a rise in the company's stock price.",positive
"Alphabet Inc.'s new data privacy policy has faced backlash from users, leading to a drop in the company's stock price.",negative
"Microsoft Corp.'s new Surface Pro has received positive reviews from critics, resulting in a rise in the company's stock price.",positive
"Facebook Inc.'s new ad targeting feature has faced criticism from users, causing the company's stock to fall.",negative
"Netflix Inc.'s new drama series has received positive reviews from critics, leading to a rise in the company's stock price.",positive
"Intel Corp.'s new server chip has received mixed reviews from analysts, resulting in a stable stock price.",neutral
"IBM Corp.'s cloud computing initiative has been praised by industry experts, leading to a rise in the company's stock price.",positive
"Twitter Inc.'s new ad targeting feature has been well-received by users, resulting in a rise in the company's stock price.",positive
"Apple Inc.'s new iMac has received positive reviews from critics, leading to a rise in the company's stock price.",positive
"Tesla Inc.'s new solar panel technology is facing production issues, causing the company's stock to fall.",negative
"Amazon.com Inc.'s new Alexa feature has received positive feedback from consumers, resulting in a rise in the company's stock price.",positive
"Alphabet Inc.'s new search feature has faced criticism from users, leading to a drop in the company's stock price.",negative
"Microsoft Corp.'s new Office feature has received positive feedback from users, resulting in a rise in the company's stock price.",positive
"Facebook Inc.'s new data privacy feature has faced criticism from users, causing the company's stock to fall.",negative
"Netflix Inc.'s new horror series has received positive reviews from critics, leading to a rise in the company's stock price.",positive
"Intel Corp.'s new AI chip has received mixed reviews from analysts, resulting in a stable stock price.",neutral
"IBM Corp.'s blockchain platform has been praised by industry experts, leading to a rise in the company's stock price.",positive
"Twitter Inc.'s new ad format has been well-received by users, resulting in a rise in the company's stock price.",positive
"Apple Inc.'s new Watch has received positive reviews from critics, leading to a rise in the company's stock price.",positive
"Tesla Inc.'s new autopilot feature is facing scrutiny from regulators, causing the company's stock to fall.",negative
"Amazon.com Inc.'s new Fire TV feature has received positive feedback from consumers, resulting in a rise in the company's stock price.",positive
"Alphabet Inc.'s new ad format has faced backlash from users, leading to a drop in the company's stock price.",negative
"Microsoft Corp.'s new Windows feature has received positive feedback from users, resulting in a rise in the company's stock price.",positive
"Facebook Inc.'s new user interface has faced criticism from users, causing the company's stock to fall.",negative
"Netflix Inc.'s new sci-fi series has received positive reviews from critics, leading to a rise in the company's stock price.",positive
"Intel Corp.'s new data center chip has received mixed reviews from analysts, resulting in a stable stock price.",neutral
"IBM Corp.'s AI research initiative has been praised by industry experts, leading to a rise in the company's stock price.",positive
"Twitter Inc.'s new user growth strategy has been well-received by users, resulting in a rise in the company's stock price.",positive
"Apple Inc.'s new MacBook Air has received positive reviews from critics, leading to a rise in the company's stock price.",positive
"Tesla Inc.'s new electric truck is facing production issues, causing the company's stock to fall.",negative
"Amazon.com Inc.'s new music streaming service has received positive feedback from consumers, resulting in a rise in the company's stock price.",positive
"Alphabet Inc.'s new ad targeting policy has faced backlash from users, leading to a drop in the company's stock price.",negative
"Microsoft Corp.'s new Azure feature has received positive feedback from users, resulting in a rise in the company's stock price.",positive
"Facebook Inc.'s new ad policy has faced criticism from users, causing the company's stock to fall.",negative
"Netflix Inc.'s new documentary has received positive reviews from critics, leading to a rise in the company's stock price.",positive
"Intel Corp.'s new AI research initiative has received mixed reviews from analysts, resulting in a stable stock price.",neutral
"IBM Corp.'s quantum computing research has been praised by industry experts, leading to a rise in the company's stock price.",positive
"Twitter Inc.'s new ad revenue strategy has been well-received by users, resulting in a rise in the company's stock price.",positive
"Apple Inc.'s new iPhone SE has received positive reviews from critics, leading to a rise in the company's stock price.",positive
"Tesla Inc.'s new battery factory is facing construction delays, causing the company's stock to fall.",negative
"Amazon.com Inc.'s new grocery delivery service has received positive feedback from consumers, resulting in a rise in the company's stock price.",positive
"Alphabet Inc.'s new data privacy policy has faced backlash from users, leading to a drop in the company's stock price.",negative
"Microsoft Corp.'s new Surface Laptop has received positive reviews from critics, leading to a rise in the company's stock price.",positive
"Facebook Inc.'s new ad revenue strategy has faced criticism from users, causing the company's stock to fall.",negative
"Netflix Inc.'s new comedy series has received positive reviews from critics, leading to a rise in the company's stock price.",positive
"Intel Corp.'s new server processor has received mixed reviews from analysts, resulting in a stable stock price.",neutral
"IBM Corp.'s AI-powered assistant has been praised by industry experts, leading to a rise in the company's stock price.",positive
"Twitter Inc.'s new user engagement strategy has been well-received by users, resulting in a rise in the company's stock price.",positive
"Apple Inc.'s new iPad Pro has received positive reviews from critics, leading to a rise in the company's stock price.",positive
"Tesla Inc.'s new solar roof is facing production issues, causing the company's stock to fall.",negative